id;client_id;local_id;remote_id;nom;prenom;naissance;genre;num_carte_cli;d_carte_util;tel;email;photo_id;info_supplementaires;est_actif;cree_le;cree_par;modif_le;modif_par
1;Fresh;33511;22862;Corporate Jewelery T;Bedfordshire Electro;2019-05-14T20:13:39;HOMME;Concrete expedite;2019-05-15T10:48:57;synthesizi;Noemie.Auer@gmail.com;copying benchmark Sausages;Licensed Directives Baht;false;2019-05-14T12:17:56;Chicken;2019-05-14T16:31:49;hard drive
2;proactive Che;4574;85241;Strategist Yemeni Ri;Rubber navigate;2019-05-15T10:26:37;HOMME;target;2019-05-14T15:22:59;Public-key;Zion.Welch@yahoo.com;GB Serbia;Guinea Franc fuchsia Licensed;true;2019-05-15T05:30:45;Plastic XSS;2019-05-14T11:54:58;Grocery
3;Interactions ;39759;76009;methodologies;e-services;2019-05-14T13:34:32;HOMME;array Utah;2019-05-14T23:43:01;Vietnam Mo;Santa.Bosco77@gmail.com;connecting back up;back-end 4th generation;true;2019-05-14T12:56:01;Savings Account online Avon;2019-05-15T08:13:06;Rubber Ethiopian Birr
4;Hawaii Networ;16082;6420;Kentucky maximized;e-tailers Architect ;2019-05-14T23:53:00;HOMME;Walks Credit Card Ac;2019-05-15T04:02:02;El Salvado;Sydney.Batz74@hotmail.com;Concrete;Planner;false;2019-05-15T10:35:34;Borders magenta;2019-05-15T02:43:46;back up Tactics
5;Borders;8786;88253;Small bypassing;monetize Frozen;2019-05-14T21:24:46;HOMME;overriding Rustic Me;2019-05-15T08:03:09;Lead Perso;Kane_Gulgowski87@yahoo.com;alarm neural seamless;Avon invoice Malta;true;2019-05-14T15:25:07;Manors deposit Central African Republic;2019-05-14T17:28:33;Handmade Generic Concrete Tuna
6;Trafficway;61574;21921;Architect;override PNG;2019-05-15T00:37:34;HOMME;Fundamental Designer;2019-05-14T11:38:20;deposit ma;Dale.Bins@hotmail.com;Switchable;Pizza Assurance;false;2019-05-14T17:12:32;e-commerce bricks-and-clicks drive;2019-05-14T11:19:49;Awesome Fresh Hat New Jersey
7;Clothing targ;60618;87342;Forward systems;Planner;2019-05-15T04:13:16;HOMME;program Soft interfa;2019-05-14T13:13:02;Tuna Imple;Jon_Davis@hotmail.com;Berkshire;Refined;false;2019-05-15T00:20:47;Borders open-source;2019-05-14T20:48:11;Tuna
8;toolset incen;85798;65673;matrices;Savings Account rede;2019-05-15T05:24:06;HOMME;Gloves Jordan;2019-05-15T02:56:44;hacking co;Uriah16@yahoo.com;Shirt Kids;open-source Kuwait optical;true;2019-05-14T15:41:52;Utah COM;2019-05-15T06:05:37;Steel zero defect
9;Granite;23113;93660;Generic Wooden Bike;Sausages Incredible;2019-05-15T08:33:15;HOMME;Architect Developer;2019-05-15T10:54:54;Paradigm;Wava.Stroman@yahoo.com;Borders;open-source Burundi;false;2019-05-15T10:18:51;budgetary management;2019-05-14T18:07:17;lime Chilean Peso Unidades de fomento Officer
10;feed;15616;44375;XSS;Quality-focused;2019-05-14T19:09:17;HOMME;Auto Loan Account;2019-05-14T14:10:49;Rhode Isla;Terry.Padberg@hotmail.com;invoice whiteboard payment;world-class;false;2019-05-14T11:02:53;Incredible Frozen Pizza recontextualize;2019-05-14T14:08:09;primary Iowa bandwidth
