id;profile_id;libelle;est_actif;cree_le;cree_par;modif_le;modif_par
1;93834;Shirt;false;2019-05-14T12:47:57;hard drive Refined Soft Keyboard synthesizing;2019-05-14T17:01:18;back-end
2;82513;gold;false;2019-05-14T19:04:08;Tunisia granular;2019-05-14T13:58:52;whiteboard indexing
3;43913;e-enable Plaza intra;true;2019-05-15T00:30:14;Idaho customized;2019-05-15T01:38:17;Mali Unbranded Concrete Soap
4;54284;experiences;false;2019-05-14T19:58:08;cross-media Wooden optical;2019-05-14T20:09:07;Rwanda Customer
5;78859;Cheese orchestration;true;2019-05-15T07:35:55;salmon;2019-05-14T17:53:46;Cambridgeshire navigate Licensed
6;53648;generate;false;2019-05-15T07:58:26;syndicate haptic;2019-05-15T07:26:08;Intuitive application
7;72003;payment;true;2019-05-14T21:27:42;port Money Market Account;2019-05-14T15:11:26;Interactions
8;34252;Intuitive vortals;false;2019-05-14T12:17:57;Salad Connecticut;2019-05-14T22:53:33;Money Market Account
9;1811;HDD Security Virgini;true;2019-05-14T16:04:18;Clothing deposit quantify;2019-05-15T02:02:50;Practical Steel Fish Unbranded
10;84043;District Wooden Visi;false;2019-05-14T14:54:01;Fresh;2019-05-14T12:56:01;FTP
