id;user_id;login;mdp;nom;prenom;date_naiss;genre;tel;email;num_carte_uti;date_carte_uti;est_actif;cree_le;cree_par;modif_le;modif_par
1;51883;New Me;streamli;neural;Money Market Account;2019-05-15T08:17:28;HOMME;web-enable;Kylie45@yahoo.com;Concrete Towels Avon;2019-05-15T00:58:46;false;2019-05-14T13:04:39;integrated;2019-05-14T21:05:59;deposit
2;1309;paymen;Strategi;Towels applications;Zimbabwe;2019-05-15T06:36:24;HOMME;index indi;Fay.DuBuque@hotmail.com;Tools Street;2019-05-14T21:28:39;true;2019-05-15T09:27:24;synthesize;2019-05-15T00:09:17;Malaysia supply-chains
3;40076;Rhode ;user-cen;Mobility;didactic Dynamic;2019-05-14T22:23:45;HOMME;bus withdr;Deontae67@gmail.com;Kids Incredible;2019-05-14T15:50:09;true;2019-05-15T06:44:55;payment Re-contextualized Licensed;2019-05-15T05:11:51;pixel SAS parsing
4;39718;Belize;Small de;Music Salad North Ca;circuit Forward;2019-05-14T20:02:22;HOMME;Alaska sol;Ewell_Jast36@yahoo.com;SQL lavender;2019-05-14T11:38:41;true;2019-05-14T16:19:11;Fresh;2019-05-14T21:27:18;Agent Squares
5;18210;Avon B;Peru wit;invoice;Liaison Tonga;2019-05-15T06:54:48;HOMME;generating;Dorothea.Bergstrom@yahoo.com;Buckinghamshire micr;2019-05-15T08:28:33;false;2019-05-15T07:40:24;tertiary;2019-05-15T04:38:16;pixel Phased payment
6;49427;Virgin;niches d;strategic;microchip Ergonomic ;2019-05-15T05:08:43;HOMME;action-ite;Miller61@hotmail.com;Applications reinter;2019-05-14T12:08:09;true;2019-05-15T07:47:37;Bedfordshire 4th generation Equatorial Guinea;2019-05-15T07:08:43;backing up indexing
7;95523;Pants ;Incredib;supply-chains feed I;Centralized bypassin;2019-05-14T15:50:52;HOMME;Toys;Foster80@gmail.com;Marketing mobile Cay;2019-05-14T22:31:21;false;2019-05-15T08:57:10;Accountability input;2019-05-14T19:41:56;calculate feed invoice
8;98057;Centra;magenta ;Argentine Peso Handc;Mississippi Product;2019-05-15T10:13:08;HOMME;azure;Wallace_Johnston47@gmail.com;HTTP indexing interf;2019-05-14T15:08:24;true;2019-05-15T10:08:44;Money Market Account Organic;2019-05-15T08:08:24;Unbranded Tugrik
9;33987;interf;Senegal ;Home Loan Account AD;web-readiness;2019-05-14T23:56:50;HOMME;Factors pr;Adele76@hotmail.com;integrate;2019-05-14T23:31:00;false;2019-05-14T19:58:25;AGP Coordinator;2019-05-14T16:35:43;e-services
10;42135;monito;Inlet;systematic;program;2019-05-14T20:53:43;HOMME;Associate ;Bradly_Emmerich79@hotmail.com;Cloned Massachusetts;2019-05-14T13:48:47;true;2019-05-14T20:36:53;Investor Officer;2019-05-14T17:11:36;Intelligent Cotton Sausages quantifying Phased
